,Post-Betsy,Pre-Betsy
Explicit_AI_Automation,1.183431952662722,1.145475372279496
Speed_Efficiency,44.37869822485207,52.004581901489125
Human_Support,40.828402366863905,43.81443298969072
Communication,30.76923076923077,32.531500572737684
Delay_Friction,10.059171597633137,13.516609392898053
Cost_Rates,16.56804733727811,28.923253150057278
Digital_Process,23.668639053254438,32.64604810996563
